column,scores
Polydipsia,120.78551502145923
Polyuria,116.18459302325581
sudden weight loss,57.74930875576037
partial paresis,55.3142857142857
Gender,38.74763719512195
